,Name,Dice,AverageSurfaceDistance,Hausdorff
0,l4879,0.0031617218151708468,"[(11.250024579381702, 4.9171767875852375), (10.00813520117272, 5.791129139406548)]","[28.792360097775937, 30.14962686336267]"
1,l7349,0.009431798660778742,"[(3.681535872630064, 3.7107810504294902), (3.505648730803817, 5.856238509754847)]","[22.759613353482084, 28.39013913315678]"
2,fb9364,0.013158556355336339,"[(1.959769254172744, 5.710093324980227), (1.7093871359630328, 7.487128853975143)]","[35.73513677041127, 40.13726448077895]"
3,fb9455,0.011530968919016386,"[(1.779771100207305, 5.29616054712315), (1.7379904276628892, 7.786338218216431)]","[33.97057550292606, 38.05259518088089]"
4,jb1922,0.0032173302436777204,"[(10.337730066352805, 5.287982159857688), (11.269101350724824, 5.230316145196047)]","[36.565010597564445, 28.231188426986208]"
5,me0801,0.0020083536786887355,"[(9.035697698038906, 5.444171235595584), (9.886298698673563, 7.388128986193183)]","[32.07802986469088, 34.14674215792775]"
6,me1102,0.0021628926034893887,"[(9.80023082448786, 5.606283612597366), (10.530026351386665, 6.007969664077244)]","[33.481338085566414, 35.832945734337834]"
7,vk1506,0.002159826546861285,"[(9.191748781729647, 4.862063879916497), (9.818970391793773, 4.745764716294644)]","[29.5296461204668, 23.388031127053]"
8,vk3464,0.002821611064244446,"[(9.317084319345698, 4.680497664027165), (9.35485715765327, 4.3176082149594555)]","[28.071337695236398, 21.633307652783937]"
